{"value": "¡Hola!  It's lovely to hear from you.  How can I assist you today? 😊 \n", "expires_at": 1764253095.7755275, "created_at": 1764249495.7755284}