{"value": "Hola, me llamo SHEILY. 😊  ¿En qué te puedo ayudar? \n", "expires_at": 1764253302.785401, "created_at": 1764249702.7854018}