{"value": "Hola! Me llamo SHEILY, ¿y tu nombre es? 😊  \n", "expires_at": 1764253323.2552786, "created_at": 1764249723.2552795}